{
  "response" : {
    "listName": "Inbox",

    "list" : [
      {
        "type": "Recent Conversation",
        "items": [
          {
            "avatar": "finn",
            "name": "Finn",
            "sub": "I'm a big deal",
            "msgShort": "Listen, I've had a pretty messed up day..."
          },
          {
            "avatar": "han",
            "name": "Han",
            "sub": "Look, kid...",
            "msgShort": "I've got enough on my plate as it is, and I..."
          },
          {
            "avatar": "rey",
            "name": "Rey",
            "sub": "I can handle myself",
            "msgShort": "You will remove these restraints and leave..."
          },
          {
            "avatar": "luke",
            "name": "Luke",
            "sub": "Your thoughts betray you",
            "msgShort": "I feel the good in you, the conflict..."
          }
        ]
      },
      {
        "type": "Online",
        "items": [
          {
            "avatar": "poe",
            "name": "Poe",
            "sub": "New Ride",
            "msgShort": "I just upgraded my X-Wing. Next time..."
          },
          {
            "avatar": "ben",
            "name": "Ben",
            "sub": "Move Along",
            "msgShort": "These aren't the droids you're looking for..."
          },
          {
            "avatar": "leia",
            "name": "Leia",
            "sub": "You're My Only Hope",
            "msgShort": "I've placed information vital to the survival..."
          },
          {
            "avatar": "yoda",
            "name": "Yoda",
            "sub": "Size matters not",
            "msgShort": "Do or do not. There is no try..."
          }
        ]
      }
    ]
  }
}